0,0,0,0,0,0,0,0,0,0,0,0,0,0,0,0,0,0,0,0,0,0,0,0,0,0,0,0,0,0,0,0,0,0,0,0,0,0,0,0,0,0,0,0,0,0,0,0,0,0,0,0,0,0,0,0,0,0,0,0,0,0,0,0,0,0,0,0,0,0,0,0,0,0,0,0,0,0,0,0,0,0,0,0,0,0,0,0,0,0,0,0,0,0,0,0,0,0,0,0,0,0,0,0,0,0,0,0,0,0,0,0,0,0,0,0,0,0,0,0
0,818,875,832,834,822,820,793,789,786,785,790,781,818,755,0,761,818,780,786,780,768,768,765,776,776,763,788,737,0,732,789,763,776,776,764,767,772,783,787,784,822,768,0,760,815,778,780,774,769,769,758,762,758,756,761,752,783,723,0,729,790,760,769,762,768,756,756,767,770,778,772,808,752,0,737,791,761,761,754,743,744,740,754,756,744,765,714,0,713,766,744,755,756,741,743,744,756,762,761,792,741,0,694,750,718,724,716,717,721,720,734,732,737,740,751,749,786,734,0
0,872,373,456,447,444,458,428,438,434,433,430,436,356,813,0,811,345,429,418,426,411,421,412,435,416,421,346,789,0,784,346,421,414,429,417,424,413,431,415,432,344,816,0,806,343,420,413,415,411,418,403,418,402,405,400,405,330,770,0,776,333,408,404,409,418,404,409,414,411,409,419,336,798,0,781,327,410,396,410,392,404,396,416,399,405,327,763,0,762,326,403,397,416,391,405,395,409,398,409,328,787,0,743,316,389,379,387,382,384,380,391,383,386,389,385,396,323,781,0
0,824,456,605,565,577,578,552,560,549,557,537,572,436,766,0,767,419,569,525,554,532,542,528,555,525,554,435,725,0,725,436,551,526,554,527,543,530,552,529,570,425,767,0,762,418,561,521,538,524,537,518,537,522,531,508,542,408,729,0,731,412,544,512,530,534,520,523,529,533,519,552,415,750,0,742,403,555,505,538,512,524,509,536,511,538,420,702,0,701,415,538,512,540,511,526,512,538,507,552,410,740,0,711,390,529,490,517,506,514,508,525,520,523,528,507,548,405,740,0
0,825,440,556,474,497,499,476,489,475,489,458,526,425,767,0,766,415,532,451,491,463,482,471,502,476,510,462,691,0,689,463,513,472,501,469,486,465,492,456,533,419,769,0,759,410,518,443,475,454,471,449,471,449,462,431,499,395,725,0,728,398,498,441,459,461,454,455,465,463,443,504,407,746,0,739,394,513,434,476,448,466,453,484,458,495,446,668,0,668,445,496,455,482,449,465,445,473,432,509,396,739,0,712,379,487,408,441,420,432,421,437,430,429,442,415,495,387,740,0
0,811,444,579,505,537,527,508,513,505,521,486,546,424,755,0,749,404,540,467,510,476,493,480,499,483,502,465,556,615,557,465,503,478,497,474,495,477,513,464,539,411,749,0,746,405,532,462,504,477,495,474,498,477,495,462,517,404,709,0,712,406,512,466,488,488,477,478,487,489,464,518,403,733,0,722,389,518,444,494,459,476,461,477,465,483,449,534,591,532,444,484,461,483,459,476,457,491,448,518,388,722,0,702,383,507,437,483,461,476,462,483,477,473,492,450,526,392,730,0
0,803,435,565,483,511,500,488,494,480,498,467,536,421,750,0,742,405,531,455,498,466,484,473,491,482,492,497,499,506,497,495,492,483,494,472,484,463,500,456,532,410,741,0,738,401,524,453,486,459,481,456,479,460,476,453,503,411,683,0,687,411,499,456,468,471,461,464,467,472,452,509,399,725,0,716,388,514,439,485,448,466,451,475,466,471,479,480,483,479,478,475,462,475,454,467,445,481,436,511,385,719,0,697,374,500,418,458,431,450,433,453,444,443,462,424,509,383,722,0
0,795,436,565,488,522,508,495,503,487,508,475,536,421,745,0,736,403,529,455,499,464,484,472,484,478,484,492,494,498,495,492,480,474,487,468,490,468,506,458,529,406,737,0,732,401,522,452,489,464,488,461,485,468,481,466,498,439,652,0,648,442,496,465,474,476,466,470,472,478,458,510,400,717,0,713,384,513,437,484,447,467,454,470,459,466,474,475,482,472,469,467,456,466,448,467,445,485,438,510,383,707,0,696,376,502,428,469,445,462,451,466,459,459,476,436,514,387,720,0
0,790,433,558,481,513,498,486,494,481,499,469,533,420,741,0,735,401,532,458,502,468,488,474,490,480,497,464,548,593,546,463,498,480,494,471,489,465,504,460,531,400,735,0,724,402,520,449,486,462,485,455,480,467,477,470,490,458,544,597,540,455,486,470,469,470,464,458,468,472,450,505,398,711,0,707,384,512,441,484,447,469,454,472,461,479,441,522,570,522,446,478,462,477,452,467,445,483,437,508,381,704,0,693,377,501,422,464,434,455,440,458,449,449,465,429,508,385,714,0
0,783,435,560,484,516,502,492,496,486,500,471,530,418,736,0,734,397,516,443,495,467,485,467,474,453,484,437,651,0,647,437,478,449,475,466,484,467,493,445,513,401,732,0,721,397,517,449,481,458,481,456,477,467,475,468,479,486,484,491,482,487,477,473,471,472,469,466,469,476,453,506,396,706,0,708,378,497,430,475,447,465,450,458,432,464,421,625,0,626,418,463,431,459,443,465,445,472,425,495,377,704,0,691,375,499,420,466,437,458,441,457,453,448,468,431,509,384,712,0
0,778,429,549,479,506,494,486,493,481,498,470,525,418,729,0,724,400,534,480,509,476,486,486,502,492,520,415,682,0,677,411,518,489,504,483,486,473,507,483,534,399,722,0,715,396,517,449,484,461,483,461,480,467,477,471,480,484,485,493,486,483,475,471,469,470,461,463,464,470,449,501,394,699,0,698,382,517,462,489,457,468,464,487,472,501,394,659,0,655,393,501,471,489,464,466,454,490,462,516,382,695,0,689,376,497,425,463,436,455,441,462,455,448,469,431,507,384,707,0
0,773,434,555,487,517,505,495,497,490,501,474,528,423,724,0,750,334,430,443,472,485,495,459,449,407,402,331,732,0,725,327,400,403,444,453,490,479,468,440,422,331,746,0,714,396,509,443,478,454,471,455,474,462,471,464,483,451,534,583,532,456,485,466,470,475,465,466,471,474,458,503,403,695,0,718,314,410,425,457,468,474,440,430,385,382,312,705,0,700,311,383,385,432,435,475,461,452,421,401,312,713,0,687,377,494,420,464,435,452,438,451,445,441,462,425,501,380,703,0
0,767,425,544,474,499,492,486,490,484,492,477,515,434,700,0,695,751,697,664,555,489,496,541,650,685,696,732,676,0,667,720,689,677,647,539,489,485,552,659,693,749,692,0,711,393,510,447,479,459,477,457,473,461,469,457,487,433,632,0,628,435,482,453,464,464,459,460,464,468,451,485,410,669,0,669,721,671,637,535,464,473,518,624,660,672,699,651,0,646,696,668,657,626,514,470,462,530,635,668,720,665,0,687,376,495,424,467,441,455,443,460,451,449,469,428,503,379,701,0
0,766,428,547,482,508,496,493,493,490,495,489,515,465,679,0,0,0,0,0,610,499,503,600,0,0,0,0,0,0,0,0,0,0,0,589,494,491,603,0,0,0,0,0,712,391,505,439,474,457,472,456,468,457,468,446,487,399,665,0,662,404,489,451,470,465,463,463,470,468,462,489,442,647,0,0,0,0,0,590,477,482,573,0,0,0,0,0,0,0,0,0,0,0,568,477,472,587,0,0,0,0,0,688,370,494,422,459,435,454,441,451,445,440,456,420,496,378,701,0
0,765,423,542,475,504,494,491,490,490,491,487,506,478,555,673,693,707,690,657,551,492,498,547,662,699,715,753,698,0,688,745,706,691,652,536,489,482,549,651,683,733,677,0,711,395,511,450,480,464,477,462,474,463,476,447,500,392,685,0,682,391,493,442,465,462,460,462,467,466,464,480,451,528,645,667,680,665,632,536,468,477,521,639,675,691,728,674,0,669,722,686,669,632,516,469,464,530,630,663,714,658,0,688,378,496,431,468,445,459,450,461,459,454,475,436,503,380,701,0
0,764,426,547,482,514,500,497,496,495,497,499,499,508,489,473,445,431,430,460,478,495,501,462,461,416,412,333,752,0,742,326,406,408,449,453,490,478,466,435,415,328,730,0,716,389,494,431,468,459,477,462,469,450,456,423,482,383,695,0,685,387,498,444,472,468,468,461,475,470,473,472,484,463,450,421,412,411,438,464,473,479,440,441,393,395,314,724,0,719,312,390,388,429,435,474,463,451,421,402,313,709,0,692,372,478,412,453,442,455,449,453,444,434,438,410,482,377,705,0
0,771,420,528,463,497,496,497,497,495,485,481,484,494,507,513,510,520,512,502,508,483,493,491,508,492,533,404,721,0,711,399,526,482,502,479,480,471,499,476,519,395,700,0,708,393,521,480,494,479,482,468,488,483,497,481,513,388,694,0,695,382,483,429,460,460,465,465,467,459,454,454,466,478,488,489,496,492,481,488,465,471,466,494,473,517,389,695,0,691,381,512,466,486,462,463,451,482,456,503,378,684,0,684,377,512,461,483,466,465,462,476,481,483,499,478,517,385,700,0
0,760,425,561,514,527,515,504,505,511,513,519,532,478,554,590,542,460,489,476,497,481,489,475,490,448,511,403,726,0,717,396,504,440,480,465,482,468,484,447,498,393,706,0,737,322,403,400,441,451,490,477,459,433,404,389,390,319,727,0,690,386,510,472,487,479,471,471,487,489,493,506,455,529,562,518,439,473,458,475,464,473,456,472,430,489,385,702,0,698,379,485,423,464,451,465,452,472,430,485,378,687,0,712,305,391,387,424,437,469,466,445,427,394,386,375,384,311,729,0
0,792,347,433,430,471,486,507,509,480,459,431,413,377,698,0,650,452,501,475,492,472,486,468,493,456,513,400,720,0,709,397,509,450,484,464,473,460,485,452,506,393,697,0,683,737,700,685,643,536,489,476,539,636,671,694,694,725,672,0,721,317,394,398,434,450,479,475,452,434,400,387,357,661,0,622,428,481,454,471,451,461,445,474,437,496,383,696,0,690,378,495,432,467,444,458,442,470,433,491,377,680,0,660,715,681,665,629,522,472,470,528,630,663,683,697,693,727,676,0
0,734,789,747,727,686,574,511,511,563,664,697,712,742,668,0,683,419,504,466,489,471,484,469,491,455,518,401,719,0,712,396,509,450,486,462,476,463,486,455,503,404,690,0,0,0,0,0,0,589,496,489,597,0,0,0,0,0,0,0,669,723,685,668,633,529,480,473,531,627,661,677,703,637,0,654,397,483,449,472,451,465,449,474,436,495,384,694,0,690,377,493,433,468,442,461,443,470,436,489,385,676,0,0,0,0,0,0,575,477,476,587,0,0,0,0,0,0,0,0
0,0,0,0,0,0,639,518,516,618,0,0,0,0,0,0,701,408,510,461,493,469,483,464,489,453,514,400,717,0,713,394,511,449,486,464,475,466,484,461,496,411,669,0,649,718,687,671,640,537,493,482,546,644,683,708,708,743,687,0,0,0,0,0,0,585,483,480,580,0,0,0,0,0,0,674,386,491,438,472,450,464,446,469,435,497,381,694,0,690,378,496,432,468,445,462,448,472,442,483,395,655,0,631,697,673,659,628,524,474,470,530,633,672,691,707,708,744,696,0
0,720,777,739,721,684,571,505,510,560,670,707,727,765,707,0,708,403,514,460,495,469,484,467,491,458,515,401,718,0,713,397,512,454,490,462,478,466,485,467,494,444,637,0,676,360,394,409,441,457,490,481,464,437,411,394,395,323,741,0,662,718,683,672,632,528,472,474,528,630,666,681,718,660,0,681,383,494,442,473,448,462,446,473,437,495,384,694,0,691,377,496,435,473,447,462,452,471,451,481,429,619,0,658,351,384,395,427,444,474,471,449,428,398,390,382,394,317,752,0
0,779,342,428,428,464,482,506,508,470,461,420,418,335,765,0,717,398,507,455,492,475,486,470,484,448,504,403,725,0,719,399,502,445,485,471,484,474,493,473,482,451,529,579,538,464,511,497,495,490,485,476,498,487,503,490,527,395,710,0,716,313,391,389,429,443,471,469,447,430,390,389,312,714,0,687,381,486,434,476,455,468,452,471,434,489,386,702,0,698,380,487,428,466,451,467,457,474,457,469,434,514,561,524,450,500,487,482,476,468,463,483,483,489,504,485,526,393,719,0
0,748,415,556,505,525,509,496,500,504,516,498,547,409,735,0,714,400,523,482,504,477,486,484,509,489,532,404,718,0,716,398,528,483,507,483,487,477,497,495,505,509,494,500,487,477,462,459,466,468,479,466,474,456,464,427,494,388,718,0,689,380,514,469,484,470,462,461,470,482,466,513,381,688,0,682,383,505,464,486,455,469,465,491,469,514,385,696,0,691,381,512,470,491,470,468,463,485,477,490,493,482,484,470,463,448,447,450,457,461,455,461,450,441,445,416,489,386,723,0
0,754,412,522,450,488,487,489,492,479,487,442,512,403,739,0,740,334,425,446,475,489,497,460,457,411,410,330,749,0,744,329,407,409,453,455,493,491,475,452,422,424,432,458,470,487,480,478,480,474,478,464,480,466,483,449,512,394,712,0,694,372,482,414,454,449,455,455,451,453,414,480,374,693,0,710,316,402,427,455,468,478,437,438,394,394,315,724,0,719,311,392,393,437,443,477,475,459,436,408,406,416,447,458,478,470,467,467,463,461,459,466,464,464,476,447,510,392,719,0
0,750,413,541,473,505,492,489,491,479,504,466,534,407,734,0,687,743,690,658,555,488,496,541,660,698,714,752,695,0,689,745,707,690,656,539,495,489,550,646,679,693,677,651,535,458,482,467,472,465,476,462,473,456,473,439,505,390,712,0,689,379,502,435,470,452,456,454,454,469,435,500,379,690,0,660,715,668,636,534,470,476,521,639,673,687,726,672,0,666,721,686,672,636,521,474,471,530,626,658,674,659,634,521,444,472,456,456,455,455,453,457,456,445,463,432,503,386,720,0
0,750,416,536,462,493,483,483,487,475,492,455,529,404,734,0,0,0,0,0,613,497,501,599,0,0,0,0,0,0,0,0,0,0,0,596,501,495,611,0,0,0,0,0,652,444,490,463,476,467,476,464,481,463,481,446,513,396,710,0,690,373,492,423,461,445,452,451,445,459,425,495,377,690,0,0,0,0,0,594,479,483,576,0,0,0,0,0,0,0,0,0,0,0,580,481,481,587,0,0,0,0,0,638,433,478,452,460,456,458,454,461,462,458,473,442,511,392,718,0
0,748,416,541,469,502,487,485,487,474,497,458,532,409,733,0,694,751,696,660,559,490,496,540,657,688,699,730,678,0,675,729,697,681,651,539,492,488,555,660,695,749,692,0,671,410,494,453,470,456,472,454,469,457,474,440,508,394,711,0,687,377,496,428,468,445,452,449,446,464,430,498,376,690,0,672,727,677,640,540,470,477,521,638,667,679,706,656,0,656,707,677,666,632,520,475,470,534,635,672,725,674,0,658,400,481,442,457,446,451,447,451,452,445,462,435,503,387,717,0
0,748,416,536,463,495,480,478,488,473,494,454,531,406,734,0,750,334,428,442,476,485,496,461,458,412,406,333,733,0,733,332,404,412,453,463,495,489,475,445,428,337,749,0,694,402,509,457,481,466,481,464,485,464,485,448,513,395,712,0,690,379,498,426,463,444,452,451,445,463,426,495,377,688,0,723,318,409,429,461,470,481,443,444,396,390,316,710,0,709,316,393,395,440,443,481,471,461,429,410,322,725,0,680,393,492,441,467,455,460,456,469,467,460,482,448,516,396,728,0
0,754,423,544,470,508,491,483,488,474,499,456,533,409,733,0,722,402,530,483,508,479,490,484,507,491,520,415,681,0,680,414,517,489,503,487,487,476,507,483,527,399,720,0,701,397,501,445,474,456,474,452,476,454,478,442,513,397,713,0,690,380,502,429,464,448,451,450,449,462,429,499,381,689,0,701,389,517,468,495,458,472,467,494,477,504,402,661,0,662,396,504,475,490,467,470,459,490,463,514,385,701,0,685,382,492,434,460,443,454,444,455,457,447,471,437,509,394,729,0
0,760,415,544,466,507,490,481,492,477,501,458,534,408,735,0,728,404,516,456,498,476,489,476,493,462,488,445,652,0,648,443,486,463,488,478,490,477,500,459,517,407,727,0,704,400,511,451,484,466,484,464,486,463,487,453,519,402,720,0,691,381,503,431,468,452,453,454,454,463,432,500,381,688,0,709,390,504,442,485,460,478,461,475,447,469,430,630,0,632,427,472,446,469,460,476,458,483,441,501,389,708,0,689,384,497,434,468,450,462,455,466,464,461,479,450,519,400,734,0
0,761,420,546,467,503,487,478,486,471,494,456,532,405,736,0,719,402,516,459,492,467,481,468,493,477,496,458,541,592,537,459,491,477,484,471,479,464,493,456,514,400,719,0,706,392,506,443,474,454,471,453,470,453,479,442,510,395,715,0,691,380,498,427,461,444,447,445,444,461,427,495,378,688,0,699,386,503,442,476,449,463,453,479,458,481,445,524,574,522,442,475,458,471,453,461,449,475,440,501,384,698,0,689,380,496,427,460,441,449,443,455,454,450,465,437,511,394,729,0
0,762,416,548,469,507,494,484,492,479,502,460,536,408,736,0,719,404,516,456,493,466,481,470,486,475,483,487,491,489,484,484,480,477,484,471,480,469,494,455,517,403,718,0,709,398,509,446,483,463,483,458,482,462,484,447,515,399,716,0,691,380,502,433,470,453,457,455,452,466,431,496,382,690,0,700,386,504,440,478,451,465,454,473,461,466,473,470,477,471,472,465,460,470,456,465,449,478,439,502,387,699,0,691,381,499,431,468,445,461,450,470,463,460,481,448,520,396,733,0
0,764,416,544,457,498,478,475,477,467,492,451,532,405,739,0,721,404,515,458,490,469,483,472,489,478,484,486,487,491,486,487,484,482,486,472,481,466,493,452,515,399,717,0,712,394,507,440,473,450,472,450,472,453,478,440,513,394,720,0,695,381,498,419,455,441,441,441,443,456,426,494,377,692,0,702,388,504,442,477,451,467,454,476,464,470,471,474,476,471,473,466,461,473,451,462,447,476,437,499,387,697,0,695,377,498,425,459,440,451,442,454,447,446,464,437,511,392,734,0
0,766,420,554,477,521,505,500,503,492,515,472,541,410,742,0,722,402,515,458,491,467,481,470,490,475,491,459,536,582,539,458,488,475,486,469,479,469,495,461,516,404,719,0,715,397,517,452,493,469,491,468,490,472,492,455,522,399,724,0,698,381,505,443,480,466,467,463,463,475,440,504,381,696,0,702,388,503,442,480,449,464,454,478,457,477,440,521,568,521,444,478,457,471,453,466,450,478,443,501,385,698,0,698,383,504,442,476,458,469,461,478,474,472,485,455,520,398,737,0
0,773,413,531,443,476,465,455,463,453,471,436,517,405,750,0,732,403,507,453,490,474,489,479,500,470,490,444,643,0,645,444,493,471,499,476,492,475,490,450,507,406,726,0,726,393,500,426,459,439,461,436,459,442,460,426,501,396,733,0,706,379,482,406,437,424,428,427,428,437,410,482,378,704,0,713,388,495,436,477,456,477,463,484,454,480,432,630,0,626,426,477,453,486,461,472,453,473,432,489,387,705,0,706,376,483,413,442,426,436,427,446,435,437,449,426,502,393,748,0
0,769,425,571,529,551,549,540,541,534,543,517,558,415,748,0,724,401,533,486,507,484,488,476,505,486,510,410,674,0,675,413,510,486,506,475,487,489,507,488,531,402,721,0,722,400,534,498,524,514,525,507,527,510,525,499,540,405,730,0,702,388,526,488,508,504,500,500,505,505,483,522,387,699,0,703,390,520,476,493,471,473,460,492,470,498,400,659,0,657,396,498,468,492,457,473,467,491,472,515,389,695,0,703,387,520,482,508,497,507,499,515,510,515,520,501,540,405,744,0
0,806,346,424,414,415,421,408,413,407,412,406,415,338,781,0,756,331,413,414,456,459,493,486,475,440,415,334,720,0,725,340,417,443,475,485,496,459,457,415,413,332,750,0,756,328,401,397,401,397,406,393,410,396,401,397,406,329,764,0,733,314,386,377,383,384,381,380,382,381,379,388,314,731,0,732,318,401,401,442,448,482,470,461,426,403,323,703,0,703,319,402,424,463,472,479,443,443,397,396,316,724,0,734,314,389,380,386,380,385,383,397,388,393,395,395,403,328,781,0
0,748,804,767,771,763,763,751,749,747,747,754,748,780,720,0,699,756,713,698,659,541,494,488,554,646,676,722,664,0,671,726,677,649,553,485,495,540,656,693,710,751,696,0,701,757,724,726,724,725,726,720,728,728,729,734,732,764,707,0,678,735,703,710,704,702,697,695,703,702,706,700,732,676,0,679,733,698,678,644,524,479,468,536,630,658,703,652,0,652,704,660,630,539,470,478,524,638,678,691,730,673,0,682,734,706,713,709,706,707,705,721,721,724,728,738,734,775,727,0
0,0,0,0,0,0,0,0,0,0,0,0,0,0,0,0,0,0,0,0,0,599,497,486,599,0,0,0,0,0,0,0,0,0,602,493,497,599,0,0,0,0,0,0,0,0,0,0,0,0,0,0,0,0,0,0,0,0,0,0,0,0,0,0,0,0,0,0,0,0,0,0,0,0,0,0,0,0,0,0,584,490,478,586,0,0,0,0,0,0,0,0,0,584,473,484,582,0,0,0,0,0,0,0,0,0,0,0,0,0,0,0,0,0,0,0,0,0,0,0
0,749,805,761,765,756,753,732,732,728,728,735,727,761,703,0,693,748,710,692,656,541,494,485,551,644,676,721,668,0,663,719,671,643,552,484,491,538,655,695,710,750,695,0,684,740,707,715,708,705,707,701,706,705,704,712,708,740,682,0,699,755,722,728,722,724,711,713,718,716,721,715,745,689,0,675,728,693,679,642,526,480,467,538,628,659,703,651,0,649,700,658,628,538,468,476,526,641,677,693,728,676,0,677,732,700,705,697,698,699,700,707,710,713,715,725,722,757,705,0
0,807,346,421,415,413,422,402,408,402,404,399,402,332,760,0,747,331,411,410,453,460,495,481,474,440,413,337,722,0,719,335,417,440,477,485,495,458,457,414,411,330,750,0,739,323,390,387,392,384,391,383,397,384,392,384,390,317,737,0,752,325,397,389,394,398,387,390,395,390,392,395,320,743,0,726,318,397,395,439,445,484,469,463,428,404,322,704,0,702,321,401,427,460,472,482,443,437,396,397,315,729,0,730,315,386,375,379,376,379,373,385,381,381,386,378,394,320,756,0
0,767,422,563,521,533,538,517,526,514,522,500,535,406,726,0,717,399,532,486,506,482,489,474,506,482,510,412,673,0,672,410,509,483,502,473,489,484,506,487,529,404,719,0,706,394,526,486,510,500,512,498,513,500,512,488,525,395,704,0,718,401,531,495,516,518,506,505,513,512,493,527,398,708,0,700,386,517,474,490,471,474,461,490,470,497,397,657,0,656,398,501,469,491,460,470,472,495,475,515,390,697,0,699,386,522,481,505,498,504,500,511,508,509,514,495,532,399,722,0
0,770,413,518,446,468,465,449,455,447,459,434,499,396,727,0,725,399,504,448,482,470,490,474,496,467,492,438,643,0,643,443,489,472,496,474,489,472,487,449,506,402,723,0,710,385,489,411,447,425,441,423,441,423,444,409,488,381,710,0,721,388,491,422,448,443,437,439,442,447,421,488,387,712,0,706,386,490,433,472,462,475,464,486,457,478,431,628,0,625,426,474,455,483,463,475,458,471,436,491,390,703,0,704,378,481,401,437,417,429,422,431,424,426,438,408,489,387,725,0
0,759,419,538,478,504,497,480,491,475,491,458,517,402,720,0,720,398,514,455,490,465,480,469,487,474,487,458,536,582,534,454,489,472,487,467,482,461,489,457,514,401,717,0,702,388,508,442,485,459,483,460,481,462,486,444,508,386,701,0,712,395,517,452,484,477,469,471,475,481,450,508,392,704,0,699,391,500,446,478,455,465,455,474,460,475,443,522,569,522,442,478,460,476,451,467,452,480,444,503,386,698,0,695,376,505,435,477,457,471,462,476,472,470,486,448,516,391,718,0
0,757,414,530,458,480,475,463,468,456,473,444,509,397,716,0,717,401,515,452,486,463,480,470,487,476,482,482,485,489,487,486,482,478,488,467,479,464,488,451,513,401,714,0,700,382,504,425,463,435,457,432,458,434,462,423,499,384,698,0,712,389,503,438,461,453,451,452,454,461,437,499,388,700,0,699,387,498,441,476,452,466,458,473,464,468,470,471,474,471,472,469,461,474,455,466,450,475,440,497,387,699,0,691,375,496,416,455,431,445,433,448,443,439,458,427,505,384,715,0
0,755,416,532,466,495,487,476,480,466,487,453,513,399,712,0,714,399,514,453,493,465,478,470,483,473,481,485,486,489,486,484,479,476,489,468,480,463,494,453,516,400,716,0,695,386,505,432,476,446,472,449,474,448,476,434,504,385,698,0,711,391,513,446,477,462,462,463,462,473,444,502,390,698,0,700,390,503,442,479,449,465,455,470,464,467,470,471,477,472,468,469,462,473,452,469,451,481,442,501,386,701,0,691,380,502,423,467,444,463,449,467,458,455,476,437,510,389,710,0
0,752,413,527,456,483,473,464,468,461,475,448,508,398,710,0,716,397,514,451,488,461,478,470,481,472,489,458,536,590,534,457,490,474,486,465,476,463,492,455,516,401,715,0,696,382,504,426,470,440,463,438,465,440,468,427,499,385,694,0,708,390,505,438,469,456,454,453,456,463,435,498,390,694,0,701,385,500,439,477,448,466,456,472,460,475,442,520,573,519,442,475,458,475,454,468,446,478,441,500,386,698,0,688,378,498,418,463,434,450,440,451,449,445,465,430,506,384,707,0
0,753,423,538,474,496,486,476,482,471,486,457,516,401,709,0,722,402,511,451,496,475,488,475,482,459,482,440,645,0,644,440,485,462,488,475,487,472,496,454,512,406,726,0,692,387,504,431,475,445,469,447,472,445,475,435,504,389,695,0,713,396,512,449,478,468,466,465,463,473,450,502,394,694,0,709,391,501,443,485,460,473,459,469,447,471,429,631,0,632,427,475,448,476,459,475,462,483,441,500,393,709,0,687,380,499,423,468,438,459,445,460,454,451,472,433,509,389,709,0
0,749,414,524,459,484,472,466,472,463,476,450,509,402,705,0,717,398,525,479,503,470,484,481,503,490,515,411,676,0,675,414,517,486,506,482,484,471,506,483,524,404,718,0,693,386,501,433,471,447,465,445,468,445,470,431,504,385,693,0,709,391,505,440,470,461,457,457,458,466,439,495,389,690,0,700,384,511,467,490,458,474,470,491,478,504,398,661,0,658,399,503,474,493,467,473,457,493,467,515,389,700,0,688,376,499,425,464,439,455,441,460,456,450,471,433,507,383,708,0
0,745,421,538,469,498,489,479,480,469,483,457,513,410,700,0,744,334,423,442,475,483,493,459,450,409,402,333,729,0,725,331,403,413,456,455,494,484,472,444,422,333,741,0,690,381,500,429,468,443,462,446,466,441,468,432,501,389,690,0,707,392,510,447,476,465,465,463,465,471,451,501,398,684,0,725,320,411,432,461,471,482,444,438,397,388,319,710,0,705,319,393,396,444,441,482,468,460,429,411,321,726,0,686,377,498,420,462,436,453,440,450,448,442,463,426,500,383,702,0
0,739,409,523,452,481,472,465,469,465,474,459,494,415,674,0,688,743,690,653,550,482,489,538,648,683,693,727,673,0,670,726,695,681,650,538,491,486,552,655,691,745,688,0,690,385,497,436,471,446,464,447,465,447,471,431,502,385,693,0,703,390,501,438,466,456,457,454,454,462,445,486,405,661,0,672,724,673,640,538,472,478,522,635,666,676,707,658,0,653,704,676,664,636,520,476,469,538,638,674,728,675,0,687,377,497,426,467,442,453,446,455,453,448,469,429,503,381,703,0
0,738,411,527,462,488,478,474,475,475,480,469,497,448,656,0,0,0,0,0,600,495,495,594,0,0,0,0,0,0,0,0,0,0,0,592,498,490,605,0,0,0,0,0,692,382,496,426,466,445,464,446,463,442,465,427,499,385,692,0,702,390,504,442,475,463,461,461,467,469,458,486,436,643,0,0,0,0,0,591,479,486,580,0,0,0,0,0,0,0,0,0,0,0,576,485,477,588,0,0,0,0,0,686,375,494,420,461,442,452,446,451,448,442,457,424,495,378,703,0
0,737,407,521,453,482,474,471,473,471,474,472,488,459,539,654,674,692,676,643,544,483,492,537,652,685,703,740,683,0,685,740,703,686,650,534,487,481,547,648,678,729,674,0,692,383,501,439,472,452,470,452,466,453,477,437,504,383,695,0,703,387,500,441,467,459,464,461,465,464,461,478,450,527,641,663,679,665,632,534,475,480,524,638,676,692,725,672,0,668,720,685,674,638,517,475,468,533,631,661,710,657,0,688,379,498,432,470,448,459,453,460,457,457,473,438,502,383,704,0
0,737,409,527,463,493,479,480,478,479,480,484,485,493,474,458,432,422,421,452,471,485,491,454,446,408,404,324,738,0,740,326,404,406,452,451,491,480,469,436,412,327,725,0,696,381,485,420,459,450,469,454,464,440,455,416,483,383,701,0,702,390,506,447,476,466,466,467,473,469,472,473,481,461,448,419,409,410,440,464,478,483,445,443,397,394,314,725,0,720,314,395,392,436,440,477,467,453,425,404,316,709,0,691,372,479,412,451,444,456,452,453,446,433,442,410,481,380,708,0
0,740,403,506,446,481,477,476,477,474,466,463,463,477,488,498,498,507,502,492,495,475,482,480,502,480,522,395,706,0,709,396,525,478,501,475,481,464,496,474,513,393,694,0,690,388,514,471,488,470,473,462,482,476,491,477,515,385,696,0,708,382,489,430,461,462,467,464,469,454,455,452,465,477,489,486,496,495,480,489,461,474,467,491,469,514,385,693,0,693,381,513,469,490,462,468,454,485,459,501,382,683,0,686,377,510,462,482,466,462,460,477,478,483,500,479,517,389,702,0
0,734,407,538,494,506,499,482,485,492,497,502,514,463,540,576,533,449,482,469,485,471,479,464,480,442,496,395,714,0,716,398,501,445,486,464,483,465,486,446,496,395,697,0,720,317,393,395,434,445,483,470,453,427,403,386,389,317,725,0,702,388,520,476,490,481,473,472,489,490,494,504,457,524,565,518,438,474,459,479,459,473,453,474,432,490,385,703,0,700,382,488,430,468,449,467,453,472,431,485,379,685,0,715,311,391,387,425,438,470,467,445,428,394,384,378,386,315,732,0
0,764,334,413,418,451,469,487,493,465,441,413,396,366,675,0,636,442,493,466,486,464,477,460,484,450,506,397,706,0,707,395,505,447,483,456,470,459,485,453,501,394,692,0,663,720,685,670,635,528,484,477,533,633,663,688,690,729,670,0,733,321,400,402,438,454,480,477,455,436,404,387,357,663,0,623,432,482,455,475,454,464,449,474,438,498,383,693,0,692,382,496,434,471,445,462,447,473,438,493,381,678,0,661,716,680,662,625,522,474,471,528,630,663,683,697,697,731,678,0
0,707,762,719,699,659,553,492,495,541,642,676,691,718,648,0,672,407,492,456,483,460,473,458,479,444,507,391,706,0,706,394,506,449,484,459,476,457,484,451,498,400,686,0,0,0,0,0,0,587,488,483,589,0,0,0,0,0,0,0,678,732,696,680,641,538,479,482,538,633,663,678,706,637,0,655,399,487,445,471,450,461,446,471,436,493,380,693,0,691,381,495,435,471,443,462,447,472,438,488,386,671,0,0,0,0,0,0,574,479,480,588,0,0,0,0,0,0,0,0
0,0,0,0,0,0,613,498,498,595,0,0,0,0,0,0,688,397,500,449,482,459,471,459,483,445,505,391,705,0,708,395,505,448,485,457,474,461,481,457,492,408,666,0,645,715,681,671,635,532,487,478,535,634,667,692,693,730,675,0,0,0,0,0,0,594,488,484,589,0,0,0,0,0,0,675,385,494,442,475,450,462,445,471,434,496,380,692,0,691,382,497,432,471,445,463,447,471,443,481,395,652,0,632,699,672,657,625,523,474,473,532,634,668,692,703,707,746,695,0
0,693,750,712,694,658,550,489,492,539,648,686,698,734,673,0,696,393,502,448,482,459,473,457,480,446,507,391,707,0,710,394,505,449,485,459,476,461,483,461,491,439,633,0,670,365,392,410,441,456,483,476,459,434,409,390,394,319,728,0,670,725,688,673,633,535,480,479,538,642,679,694,734,677,0,679,382,491,438,469,448,461,446,470,434,495,380,691,0,691,381,494,436,471,448,460,450,469,451,480,425,619,0,658,350,382,397,429,447,473,470,451,431,399,392,381,398,321,749,0
0,751,331,410,411,447,465,484,488,456,444,405,399,324,729,0,705,392,497,443,481,464,478,460,478,440,497,393,714,0,716,396,498,444,482,464,479,470,483,467,481,449,524,573,533,460,507,492,491,484,481,472,487,482,495,481,514,390,695,0,723,316,394,398,435,452,478,477,454,437,399,399,322,731,0,687,379,487,434,474,453,466,453,466,425,488,380,700,0,699,383,488,430,470,453,468,461,470,455,465,434,512,560,524,453,499,486,481,476,467,466,483,484,487,502,487,522,393,716,0
0,721,400,533,488,504,491,477,482,483,498,480,526,393,702,0,698,393,515,472,495,469,478,475,496,481,521,393,708,0,707,392,525,480,502,478,481,475,495,490,496,505,489,495,483,475,460,461,464,471,476,465,471,454,456,424,485,388,698,0,692,389,514,474,489,478,473,471,479,489,478,518,388,703,0,684,383,505,459,485,456,467,465,487,469,513,383,694,0,693,383,511,470,491,464,470,460,484,477,490,493,481,483,474,464,450,448,453,454,464,460,462,452,443,448,419,488,387,723,0
0,729,396,503,434,475,470,471,471,461,467,431,493,387,708,0,726,327,413,435,460,477,483,449,448,403,403,325,737,0,738,324,401,407,448,448,487,482,472,450,419,418,430,459,469,486,478,475,474,472,475,465,474,464,475,449,499,389,691,0,693,385,480,431,458,461,463,463,463,462,429,490,387,707,0,710,315,402,423,451,466,475,437,436,389,393,316,721,0,721,315,396,394,437,440,478,470,456,433,407,403,416,445,458,479,468,464,463,462,461,457,469,464,459,477,444,508,394,715,0
0,723,400,522,455,489,470,473,473,464,484,449,513,395,703,0,675,731,677,644,543,479,482,534,646,685,700,739,686,0,685,739,700,685,647,532,486,481,541,638,671,689,670,647,533,456,484,467,474,466,474,462,474,458,468,444,493,394,685,0,685,392,497,449,472,467,464,465,465,474,448,507,389,704,0,660,714,665,632,529,467,474,519,633,672,687,722,671,0,669,723,683,671,636,522,476,470,528,625,659,675,657,635,520,446,473,455,459,452,459,452,459,452,448,462,431,501,389,717,0
0,719,397,513,444,477,463,461,468,454,475,436,507,390,704,0,0,0,0,0,595,486,489,582,0,0,0,0,0,0,0,0,0,0,0,585,488,488,595,0,0,0,0,0,651,445,492,465,474,467,477,463,473,462,472,456,491,408,664,0,664,404,488,449,468,463,462,462,462,471,440,504,390,706,0,0,0,0,0,584,476,477,570,0,0,0,0,0,0,0,0,0,0,0,573,479,476,585,0,0,0,0,0,636,433,479,450,462,456,457,455,462,460,457,470,441,505,395,716,0
0,721,400,518,448,483,469,466,469,459,482,443,512,393,702,0,680,737,685,653,546,479,486,528,639,670,683,712,658,0,659,711,682,669,634,528,482,480,542,647,681,734,676,0,672,413,494,456,473,462,474,460,472,463,469,455,487,435,629,0,634,436,487,457,469,465,465,463,467,473,446,505,395,705,0,670,727,674,638,536,469,471,520,627,659,671,698,647,0,646,698,668,655,623,517,473,468,531,637,670,722,667,0,653,401,482,441,459,448,453,446,453,451,448,464,434,504,393,716,0
0,719,396,514,441,475,459,458,466,452,477,438,505,392,702,0,734,328,417,429,460,475,482,446,441,397,394,322,715,0,714,322,393,398,437,447,482,476,460,435,416,325,730,0,699,408,504,457,479,464,478,464,478,467,475,470,485,458,533,589,534,456,483,466,465,466,462,461,461,472,443,502,394,704,0,723,316,407,420,453,463,471,436,427,386,383,314,700,0,700,311,382,385,426,436,472,464,451,424,405,316,720,0,679,390,492,438,465,450,458,453,465,464,459,476,446,514,397,724,0
0,723,402,526,452,485,474,464,471,454,480,441,510,396,703,0,708,391,525,473,498,467,479,476,495,481,510,407,665,0,665,408,510,481,494,477,479,466,498,470,524,391,705,0,706,400,504,449,475,461,475,457,478,466,471,473,478,487,488,492,485,488,477,473,472,474,466,468,470,479,451,509,396,709,0,700,384,520,467,493,458,470,468,487,472,502,399,654,0,652,396,502,472,481,466,467,458,485,465,512,383,698,0,681,384,490,434,460,444,455,445,457,456,450,468,439,507,396,726,0
0,723,399,517,445,480,463,460,466,451,475,437,509,392,703,0,717,387,506,433,481,457,471,457,465,442,471,428,635,0,633,427,469,442,465,456,470,457,483,437,502,389,715,0,708,400,508,448,478,460,475,455,476,465,474,473,478,485,487,492,485,487,474,471,469,468,461,465,463,473,446,510,394,710,0,708,377,499,424,475,447,465,444,454,428,460,413,620,0,621,414,457,430,451,447,459,445,471,424,494,377,706,0,685,383,491,432,462,443,455,446,462,460,456,475,444,515,397,727,0
0,730,403,525,452,485,473,462,473,455,480,442,510,394,703,0,715,396,517,447,492,458,476,464,484,474,489,455,534,585,534,455,488,473,483,468,478,460,491,447,518,393,716,0,712,400,507,449,479,459,477,459,477,465,475,467,489,458,538,596,539,461,486,469,467,471,466,466,468,481,450,512,398,713,0,708,386,515,442,487,449,471,456,474,461,480,445,524,568,521,444,478,463,468,458,465,450,480,439,508,382,703,0,688,382,493,431,464,443,456,447,459,455,455,472,442,513,398,731,0
0,732,401,522,448,482,466,460,466,455,475,438,508,392,707,0,720,393,516,442,484,451,471,455,474,462,471,478,482,488,482,477,471,467,470,459,471,453,484,443,514,395,716,0,716,400,510,446,480,460,474,458,477,460,476,463,493,444,646,0,645,440,492,459,470,467,464,461,464,473,450,512,399,718,0,710,386,510,434,480,443,460,444,464,454,464,467,472,479,471,464,458,451,458,445,458,443,473,434,504,382,707,0,692,382,494,432,461,442,453,446,461,455,455,474,444,518,398,736,0
0,737,403,532,453,492,480,469,475,460,486,443,515,396,709,0,723,398,521,450,496,460,483,471,490,481,484,489,491,494,487,491,486,482,490,472,482,464,496,451,518,399,720,0,721,403,515,452,485,465,484,461,484,467,480,459,501,414,680,0,676,414,498,457,476,473,468,472,473,481,454,519,400,722,0,715,390,521,444,492,454,477,461,479,469,473,479,474,483,476,481,475,470,475,462,471,454,483,441,511,388,710,0,694,388,497,436,469,449,463,453,470,464,464,480,450,520,401,740,0
0,741,401,528,442,479,464,460,459,451,468,436,509,391,712,0,727,397,514,440,482,448,464,448,468,455,481,449,540,600,540,452,480,457,469,450,466,447,481,441,513,395,727,0,728,402,514,445,479,455,475,456,479,461,477,452,509,402,708,0,701,399,503,448,470,465,460,461,462,472,448,513,400,727,0,719,388,512,430,476,438,457,440,461,448,473,441,532,587,529,438,469,446,460,440,456,440,471,430,505,387,713,0,697,384,495,429,459,436,451,438,463,455,455,471,445,518,403,745,0
0,745,406,540,465,506,493,485,491,481,496,459,522,401,714,0,739,409,538,469,516,484,504,490,520,494,521,459,666,0,669,459,520,497,520,490,504,485,513,472,536,411,735,0,736,410,526,468,500,481,499,474,501,477,495,461,516,402,718,0,711,397,512,460,488,484,483,485,490,500,471,526,409,735,0,733,402,535,463,513,476,500,483,516,482,514,450,655,0,654,446,513,482,509,475,493,472,502,459,523,398,726,0,705,392,507,448,486,465,481,468,490,480,483,494,465,532,410,753,0
0,758,402,516,431,467,454,446,447,438,454,425,498,394,726,0,749,403,511,432,473,445,461,443,475,441,493,414,704,0,709,413,494,443,471,443,459,444,473,435,510,402,747,0,749,408,508,437,467,450,469,448,473,448,467,438,501,402,729,0,724,400,497,435,455,454,450,450,457,461,442,509,403,749,0,748,392,509,425,471,435,456,435,464,432,482,404,695,0,691,398,482,431,460,431,450,434,462,423,500,390,735,0,716,386,483,416,444,429,441,427,456,444,452,456,436,511,409,769,0
0,757,416,560,516,540,538,524,526,522,529,509,540,405,723,0,752,418,560,517,544,521,538,522,549,522,552,420,727,0,727,421,553,521,548,523,535,522,549,515,559,417,749,0,755,421,558,522,541,528,536,517,543,523,536,511,546,414,735,0,727,408,540,507,526,529,520,525,532,534,520,554,418,753,0,749,410,561,509,543,516,532,516,542,513,544,412,716,0,714,410,542,509,538,509,523,513,533,505,548,405,737,0,718,399,532,496,519,512,522,513,544,526,535,541,525,568,424,774,0
0,800,337,421,406,408,412,401,402,400,400,401,403,333,763,0,794,336,418,407,418,401,414,400,418,406,409,334,770,0,770,333,409,402,419,402,407,399,416,403,417,337,791,0,798,338,418,411,414,413,426,407,426,411,415,406,414,335,780,0,769,335,407,403,408,414,407,407,415,411,412,420,342,794,0,791,331,417,399,414,394,403,390,409,394,397,325,761,0,756,324,396,389,410,388,397,391,405,391,407,327,775,0,755,323,395,387,391,389,394,387,413,397,405,404,406,414,338,814,0
0,743,799,757,761,755,752,738,738,736,734,739,731,768,708,0,747,803,764,769,761,752,749,751,763,761,748,778,719,0,721,777,748,761,761,747,749,751,761,766,763,802,744,0,753,810,770,776,769,767,768,754,769,765,765,767,756,788,731,0,721,779,747,755,750,754,749,751,763,763,773,767,804,748,0,744,796,762,763,758,747,744,744,752,752,740,769,711,0,707,764,736,748,746,732,734,736,745,751,747,783,728,0,706,761,727,733,728,727,732,732,751,756,759,764,776,774,814,764,0
0,0,0,0,0,0,0,0,0,0,0,0,0,0,0,0,0,0,0,0,0,0,0,0,0,0,0,0,0,0,0,0,0,0,0,0,0,0,0,0,0,0,0,0,0,0,0,0,0,0,0,0,0,0,0,0,0,0,0,0,0,0,0,0,0,0,0,0,0,0,0,0,0,0,0,0,0,0,0,0,0,0,0,0,0,0,0,0,0,0,0,0,0,0,0,0,0,0,0,0,0,0,0,0,0,0,0,0,0,0,0,0,0,0,0,0,0,0,0,0